long.sample,lat.sample,species.richness,mud,sand,gravel,bathy,bs25,bs10,bs11,bs12,bs13,bs14,bs15,bs16,bs17,bs18,bs19,bs20,bs21,bs22,bs23,bs24,bs26,bs27,bs28,bs29,bs30,bs31,bs32,bs33,bs34,bs35,bs36,bs_o,bs_homo_o,bs_entro_o,bs_var_o,bs_lmi_o,bathy_o,bathy_lmi_o,tpi_o,slope_o,plan_cur_o,prof_cur_o,relief_o,rugosity_o,dist.coast,rugosity3,rugosity5,rugosity7,tpi3,tpi5,tpi7,bathy_lmi3,bathy_lmi5,bathy_lmi7,plan_curv3,plan_curv5,plan_curv7,relief_3,relief_5,relief_7,slope3,slope5,slope7,prof_cur3,prof_cur5,prof_cur7,entro3,entro5,entro7,homo3,homo5,homo7,var3,var5,var7,bs_lmi3,bs_lmi5,bs_lmi7
129.84365,-11.63585,8,45.9,54,0.2,-22.324,-10.61,-8.36,-9.69,-10.68,-10.99,-11.34,-11.58,-11.54,-11.43,-11.35,-11.01,-10.73,-10.79,-11.09,-11.17,-10.81,-10.64,-10.61,-10.53,-10.46,-10.51,-10.48,-10.37,-10.37,-10.46,-10.49,-10.56,-10.735,0.036385,5.16693,46.443703,26.0086,-22.24785,9.739007,0.054462,0.526985,-0.079526,-0.012184,0.441999435,1.000209,24548.06042,1.00015998,1.00009002,1.00001998,-0.085332,-0.118638,0.138122,9.71372,19.6744,29.690399,4.827209,10,5.00325,0.349999,0.412999,0.740998,0.305503,0.057408,0.10458,-0.058864,0.015927,-0.007901,0,0.334221,0.654156,1,0.959999,0.912697,0,0.0384,0.091628,26.2775,53.082801,80.5895
129.8254,-11.5931,9,16.1,71.7,12.2,-33.855,-16.43,-14.48,-14.51,-14.5,-14.38,-14.15,-13.91,-14.03,-14.18,-14.33,-14.49,-14.67,-14.94,-15.21,-15.62,-16.04,-16.77,-17.01,-17.35,-17.74,-18.09,-18.22,-18.21,-18.23,-18.22,-18.41,-18.99,-16.545,0.01081,4.953674,47.289666,1.954761,-33.595786,4.149104,-0.044525,0.739096,-1.974867,-0.004312,0.733001709,1.000338,28860.82391,1.00015998,1.00024002,1.00018997,0.052223,0.07236,-0.13198,4.043129,8.177559,12.3105,-1.395709,0.391193,-0.503838,0.458,1.118,1.501999,0.857545,0.970611,1.083639,0.04639,0.025396,0.026657,0,0.498757,0.844501,1,0.948,0.836507,0,0.079999,0.115785,1.94095,3.99844,6.18943
129.8499,-11.54085,1,17.7,81.4,0.9,-87.484,-21.03,-17.49,-18.09,-18.56,-18.73,-18.99,-19.48,-19.72,-19.84,-20.06,-19.99,-19.91,-20.21,-20.67,-20.94,-20.98,-21.24,-21.39,-21.43,-21.57,-21.77,-21.79,-21.75,-21.84,-22,-22.17,-22.3,-21.126364,0.017135,4.591275,47.807288,2.371037,-86.635272,9.021541,0.93099,8.786643,0.284376,-0.243548,2.979003906,1.015412,29937.56678,1.00683998,1.01176002,1.01171997,-0.247558,-0.775763,1.225669,9.52729,19.0477,28.4239,0.82109,0.579768,0.281089,2.825,6.163,9.319999,6.19961,7.09693,6.96596,-0.180685,-0.324398,-0.292133,0.683739,1.070479,1.31526,0.888889,0.836,0.792064,0.098765,0.1536,0.272386,2.07009,4.426879,6.640379
129.70055,-10.46655,18,24.3,64.4,11.3,-81.316,-24.13,-21.36,-21.73,-21.86,-21.88,-21.64,-21.51,-21.67,-21.8,-21.99,-22.17,-22.31,-22.67,-23.06,-23.36,-23.75,-24.58,-25.04,-25.41,-25.79,-26.08,-26.34,-26.56,-26.68,-26.88,-27.18,-27.59,-24.556842,0.010283,5.25621,47.114874,0.970247,-81.345632,0.564894,-0.70963,4.110058,-1.190032,0.076267,1.728004456,1.00384,107042.3739,1.00286003,1.00759002,1.00570999,0.177886,0.795799,-1.199349,0.562101,1.05744,1.51573,-0.968783,-0.980189,-0.491304,2.101999,4.953,6.131999,4.073019,5.071469,4.289959,0.137688,0.26633,0.240833,1.522959,1.8671,2.107249,0.566667,0.575999,0.604081,0.666666,0.422399,0.599749,0.969615,1.87801,3.046869
129.65635,-10.42995,13,29.4,69.9,0.7,-94.642,-26.81,-23.23,-23.74,-23.94,-24.08,-24.01,-23.87,-23.97,-24.13,-24.22,-24.45,-24.86,-25.23,-25.55,-25.9,-26.36,-27.08,-27.29,-27.66,-28.15,-28.63,-28.98,-29.26,-29.42,-29.52,-29.94,-30.48,-26.109333,0.018904,5.021372,44.281874,0.080936,-95.790199,0.665149,-0.452843,5.914121,0.078099,0.104486,3.288002014,1.009151,113308.3493,1.00386001,1.00338996,1.00556999,0.143447,0.324799,-0.685082,0.472308,0.976783,1.52889,-0.006933,-0.023538,-0.244677,2.332999,3.9,8.359,4.706389,4.19243,4.77052,0.154947,0.110085,0.224364,1.67699,2.16878,2.48914,0.755555,0.675999,0.679592,0.54321,0.8704,0.941275,-0.021909,-0.070105,-0.132908
129.55395,-10.44355,2,6.9,89.2,3.9,-90.348,-27.08,-23.61,-23.67,-23.9,-24.17,-24.11,-24.01,-24.2,-24.48,-24.64,-24.71,-24.99,-25.48,-25.83,-26.17,-26.62,-27.46,-27.75,-27.96,-28.24,-28.5,-28.68,-28.77,-28.78,-28.94,-29.32,-29.82,-28.086667,0.033095,4.10225,39.604293,0.49289,-90.132833,0.037307,0.035993,2.092794,0.006987,-0.004103,0.413002014,1.000677,120312.1413,1.00057998,1.00056999,1.00059997,-0.021774,-0.031318,0.05155,0.045939,0.092741,0.13888,0.143263,-0.07689,-0.247982,0.725005,1.496999,2.473,1.947,1.907089,1.955,-0.007875,-0.015757,-0.02302,1.831019,2.174949,2.309259,0.655556,0.671999,0.67755,0.91358,1.2544,1.072049,0.205538,0.45691,0.668159
129.55505,-10.3732,26,24.5,75.2,0.3,-94.339,-25.73,-23.17,-23.26,-23.39,-23.36,-23.18,-23.1,-23.06,-23.08,-23.21,-23.32,-23.59,-24,-24.26,-24.6,-25.2,-26.17,-26.58,-26.92,-27.37,-27.81,-28.1,-28.24,-28.38,-28.6,-28.91,-29.39,-25.941364,0.012046,5.343771,48.461836,0.076011,-99.297271,1.464084,0.664949,14.02273,-0.062249,-0.153149,8.554000854,1.036466,125559.8608,1.06619003,1.03511001,1.02427001,0.267562,0.593361,-0.904206,0.438151,0.92054,1.43709,0.46112,0.172645,0.021969,7.5,10.937,13.105999,19.5074,15.5395,13.3196,0.315245,0.251924,0.216699,1.14906,1.63126,1.75827,0.8,0.656,0.683673,0.395061,0.4,0.394836,0.094485,0.194068,0.292109
129.61645,-10.30645,6,11.8,77.5,10.7,-88.926,-25.85,-22.82,-22.89,-23.01,-23.24,-23.23,-23.13,-23.22,-23.4,-23.53,-23.52,-23.74,-24.21,-24.6,-25.03,-25.48,-26.19,-26.58,-26.95,-27.32,-27.71,-27.82,-27.77,-27.85,-28.03,-28.25,-28.71,-26.008,0.005311,4.670074,48.432298,0.083139,-88.9286,0.003947,-0.042961,0.13059,-2.091824,0.005019,0.043998718,1.000006,126354.4503,1,1,1.00000999,0.009223,0.027236,-0.050875,0.003913,0.00811,0.01258,-8.41079,-2.270879,-1.360329,0.053001,0.121002,0.22,0.073616,0.092011,0.112806,0.005471,0.010089,0.014877,0.848685,0.93865,1.21385,0.833333,0.86,0.816326,0.098765,0.159999,0.226572,0.101478,0.185216,0.327499
129.91565,-11.1431,19,20.4,65.9,13.7,-33.594,-17.79,-16.63,-16.44,-16.25,-16.17,-15.89,-15.61,-15.66,-15.86,-16.01,-16.12,-16.27,-16.53,-16.81,-17.01,-17.44,-18.04,-18.41,-18.82,-19.22,-19.54,-19.86,-20.01,-20.05,-20.2,-20.36,-20.67,-17.48,0.004587,4.507715,53.191172,39.01331,-33.887778,83.59235,0.027522,1.229647,0.594877,0.001791,0.580997467,1.000307,43758.17518,1.00029998,1.00033996,1.00038002,0.087444,0.057079,-0.025528,84.480499,171.078994,258.19699,-3.13062,0.449739,0.186866,0.594996,1.384999,2.243999,1.22861,1.3595,1.456269,0.014957,-0.017071,-0.014931,1.42706,1.97756,2.351789,0.833333,0.768,0.726531,0.469135,0.56,0.978758,38.076301,79.0531,119.811996
129.81185,-11.0371,33,11.9,54.1,34,-52.674,-21.7,-19.62,-19.65,-19.56,-19.48,-19.35,-19.17,-19.22,-19.52,-19.6,-19.74,-20,-20.41,-20.74,-21.03,-21.38,-21.98,-22.3,-22.61,-23,-23.39,-23.61,-23.73,-23.9,-24.18,-24.46,-24.85,-21.209444,0.018206,5.730296,43.662989,5.182823,-52.851833,28.58359,-0.018038,1.022953,0.140027,0.012113,1.216999054,1.000387,60039.13548,1.00067001,1.00042999,1.00036003,0.259555,0.366721,-0.387326,28.6685,57.878898,87.232597,-4.30338,-1.23431,-1.48942,0.541,1.309,1.432,1.067489,1.058089,0.793304,0.065687,0.060787,-0.013214,0.636514,1.356439,1.878319,0.833333,0.759999,0.683673,0.222222,0.2176,0.575594,3.346369,6.72805,10.504599
129.82595,-11.16185,32,7.2,89.5,3.3,-42.172,-18.68,-17.52,-17.44,-17.33,-17.28,-16.99,-16.75,-16.79,-16.87,-16.75,-16.58,-16.52,-16.71,-17.06,-17.51,-18.15,-19.13,-19.54,-19.78,-20.02,-20.31,-20.51,-20.56,-20.56,-20.61,-20.82,-21.27,-18.7575,0.022614,5.200743,43.269325,23.44157,-41.92025,56.68226,-0.261064,1.974112,-1.663224,0.013952,1.607002258,1.001227,49879.09438,1.00083999,1.00057998,1.00041,-0.094779,-0.093761,0.019857,56.1753,113.661003,171.208999,0.898849,-0.267937,-1.395949,1.23,1.871,2.295,1.95605,1.887339,1.488579,-0.010265,-0.040179,-0.008183,0,0.334221,0.717674,1,0.959999,0.908163,0,0.079999,0.122449,22.6578,46.174701,69.914001
129.8697,-11.0885,3,16.8,76.2,7,-77.086,-23.49,-20.48,-20.64,-20.75,-20.83,-20.75,-20.73,-20.86,-21,-21.09,-21.11,-21.28,-21.63,-21.98,-22.48,-23.04,-23.86,-24.18,-24.45,-24.77,-25.09,-25.22,-25.28,-25.29,-25.27,-25.56,-26.12,-22.709047,0.017133,5.314424,45.057575,0.642673,-76.851762,0.298684,-0.093086,1.044943,-0.806124,0.004174,1.056999207,1.0002,51540.51616,1.00019996,1.00019996,1.00015998,-0.027664,-0.002281,-0.022246,0.252081,0.505879,0.757349,0.258771,0.008145,-0.211278,0.526,0.990997,1.299999,1.12249,1.08334,0.974767,-0.008717,0.015122,0.013299,1.67699,2.20053,2.261859,0.477777,0.583999,0.663264,0.987653,0.9056,0.638067,-0.121752,-0.230737,-0.336775
129.821,-11.6358,10,52.4,44.3,3.3,-28.439,-13.33,-11.59,-11.47,-11.3,-11.2,-10.74,-10.26,-10.36,-10.45,-10.51,-10.84,-11.25,-11.61,-12.03,-12.64,-13.06,-13.62,-13.83,-14.04,-14.35,-14.64,-14.76,-14.78,-14.8,-14.91,-15.23,-15.8,-13.525217,0.012746,5.37893,46.488564,11.02424,-28.220261,6.491062,-0.1004,0.794012,-1.563232,0.013284,1.138999939,1.000878,26588.45786,1.00037002,1.00021003,1.00007003,-0.000888,0.048521,-0.012082,6.40076,12.9363,19.5282,-1.74108,-1.5563,-0.142732,0.628,1.093,1.24,1.211539,0.811942,0.552044,0.021269,0.030627,-0.000651,1.21489,1.535109,1.46826,0.666666,0.779999,0.825397,0.246913,0.3104,0.294043,10.9979,22.7254,34.6152
129.8238,-11.5434,21,28.3,53.5,18.3,-49.973,-19.33,-16.28,-16.61,-17,-17.28,-17.24,-16.94,-16.78,-16.79,-16.92,-16.9,-17.02,-17.59,-18.09,-18.49,-18.97,-19.65,-20.03,-20.44,-20.78,-21.01,-21.19,-21.31,-21.29,-21.35,-21.59,-22.07,-19.903913,0.028353,5.368569,44.085156,0.626701,-49.903696,0.227599,-0.496276,2.103727,0.021057,0.114434,0.73400116,1.002679,32110.34037,1.00011001,1.00319,1.00155998,0.025443,0.24496,-0.456836,0.225932,0.442782,0.645339,1.0066,0.238656,0.560114,0.339,3.855999,4.157,0.717833,2.6524,2.86033,0.002326,0.197114,0.167981,1.27303,1.95315,2.117599,0.688889,0.727999,0.658729,0.469135,0.441599,0.512287,0.247214,0.63111,0.886955
129.83145,-11.6503,3,0.2,38.1,61.7,-24.117,-11.15,-8.76,-10.04,-10.87,-11.05,-11.27,-11.66,-11.61,-11.5,-11.57,-11.26,-11.02,-11.17,-11.4,-11.54,-11.42,-11.19,-11.39,-11.26,-11.13,-11.21,-11.18,-11.06,-11.01,-11.06,-11.32,-11.43,-11.335405,0.020135,5.722754,43.750651,22.33022,-23.986811,8.722062,-0.058266,0.580253,-0.54136,0.00802,0.627000809,1.000202,24752.32987,1.00021003,1.00010002,1.00003997,0.001333,-0.01424,-0.002203,8.650659,17.5184,26.4158,-0.256538,0.318491,-0.829782,0.426999,0.623998,0.658999,0.590147,0.641183,0.50533,-0.037434,0.00105,-0.002177,1.21489,1.24246,1.24371,0.777778,0.819999,0.825397,0.246913,0.239999,0.204081,22.611,46.104598,69.972503
129.83185,-11.62305,16,48.5,50.8,0.7,-24.822,-12.46,-10.83,-12.03,-12.66,-12.68,-12.89,-13.26,-13.1,-12.89,-12.88,-12.68,-12.51,-12.59,-12.76,-12.75,-12.59,-12.57,-12.65,-12.46,-12.3,-12.25,-12.19,-12.07,-11.93,-11.98,-12.25,-12.37,-12.11,0.009945,4.584732,42.473703,17.83774,-25.102111,8.100202,-0.07127,0.576265,-1.160653,0.01223,0.486000061,1.000327,26409.21685,1.00069999,1.00012001,1.00012001,0.217109,0.257919,-0.283387,8.1925,16.575,24.988599,3.35468,-3.5908,-0.503277,0.407,0.486,0.679,0.482403,0.249479,0.302679,0.068946,0.021694,0.01303,0,0.167943,0.328644,1,0.98,0.952381,0,1.46E-11,0.019991,16.687,34.040699,51.517398
129.8456,-11.5524,1,29.2,63.3,7.5,-190.618,-24,-23.73,-25.34,-26.17,-26.03,-25.97,-26.41,-27.22,-28.71,-29.87,-29.74,-29.28,-29.89,-30.26,-28.1,-25.18,-23.77,-24.04,-21.4,-20.34,-24.95,-26.08,-26.44,-24.53,-21,-23.04,-24.86,-25.093182,0.004133,5.220563,48.56564,16.93896,-190.075955,165.7511,0.2044,2.031737,-0.099188,-0.058198,1.617004395,1.002439,29586.57657,1.00084999,1.00035003,1.0004,-0.130997,-0.021637,0.038301,166.975006,338.222991,510.169006,-4.203249,-1.22956,-0.005051,0.614989,1.388,2.466,0.693481,1.33797,1.54328,0.034085,0.031339,0.017633,2.19722,3.107969,3.55925,0.259526,0.321588,0.410472,5.506169,8.233599,8.93544,15.663399,27.7784,37.524799
129.84245,-11.71295,2,7.2,79.6,13.2,-70.067,-23.63,-17.03,-17.79,-18.6,-19.15,-19.78,-20.63,-21.08,-21.16,-21.57,-21.9,-21.93,-22.04,-22.55,-23.12,-23.47,-23.6,-23.68,-23.66,-23.68,-23.99,-24.26,-24.4,-24.54,-24.82,-24.93,-24.87,-23.02,0.012315,4.838719,40.589696,7.797985,-69.797667,1.993339,0.091245,1.042034,0.282987,-0.015654,0.512001038,1.000188,20582.45413,1.00011001,1.00010002,1.00013999,-0.034782,-0.075202,0.129675,2.06427,4.16996,6.273739,0.619448,0.759186,0.631923,0.310997,0.676002,1.077,0.775115,0.752988,0.805151,-0.01306,-0.017312,-0.028499,0.848685,1.050349,1.0886,0.833333,0.819999,0.833333,0.172839,0.159999,0.174094,9.08829,18.5291,28.0097
129.8347,-11.6225,25,64.6,35.1,0.3,-25.267,-12.01,-10.18,-11.22,-11.9,-12.03,-12.29,-12.77,-12.5,-12.11,-12.03,-11.69,-11.38,-11.63,-11.98,-12.02,-12.03,-12.1,-12.19,-12,-11.86,-11.93,-11.83,-11.55,-11.44,-11.63,-11.97,-12.06,-11.803415,0.024732,5.837338,45.264726,19.41456,-25.320146,7.99293,0.010788,0.51832,-0.837559,-0.006008,0.744998932,1.000275,26187.22543,1.00051002,1.00009002,1.00002998,0.006776,0.067958,-0.072877,8.021039,16.203599,24.434,-9.130709,0.236827,1.01545,0.537999,0.744998,0.744998,0.582727,0.480524,0.279978,0.000633,0.02362,0.011283,0.348832,0.635004,0.630675,0.944444,0.899999,0.880952,0.098765,0.105599,0.122449,18.625799,38.088699,57.617
129.95245,-12.29015,1,13.8,83.4,2.8,-55.359,-23.44,-17.9,-18.66,-19.26,-19.52,-19.62,-19.77,-20.08,-20.32,-20.56,-20.65,-20.86,-21.45,-21.99,-22.4,-22.94,-23.79,-24.15,-24.48,-24.8,-25.06,-25.18,-25.18,-25.16,-25.24,-25.58,-26.19,-23.4508,0.042667,5.372285,43.39058,33.10557,-55.37264,68.02184,-0.122906,0.657086,-1.344588,0.010105,0.361000061,1.000104,52602.6659,1.00005996,1.00009002,1.00008003,-0.013,0.03564,-0.109223,67.531196,137.195007,208.059997,-0.271568,-1.628239,-2.93752,0.277999,0.657001,0.954998,0.531157,0.508553,0.523667,0.012499,0.029206,0.022364,1.42706,2.05394,2.6092,0.666666,0.688,0.630612,0.395061,0.959999,1.06122,30.813899,64.285598,102.441001
129.953,-12.3571,1,13.3,78.6,8.2,-48.534,-21.72,-18.38,-18.57,-19.26,-19.34,-19.11,-19.03,-19.19,-19.43,-19.7,-19.69,-19.71,-20.07,-20.51,-20.93,-21.4,-22.08,-22.52,-22.78,-22.95,-23.12,-23.21,-23.17,-23.11,-23.29,-23.69,-24.17,-21.604063,0.030466,5.588858,41.325313,5.004971,-48.425125,6.62556,-0.013638,0.258258,0.406669,0.002779,0.215999603,1.000025,55506.3812,1.00001998,1.00001998,1.00001998,-0.027442,-0.02016,0.018877,7.01725,14.2312,21.477899,1.73247,0.13312,0.617449,0.171001,0.27,0.398003,0.344496,0.310653,0.285596,-0.010174,0.006581,0.005247,1.831019,1.988829,2.0729,0.588889,0.66,0.608162,0.765432,0.537599,0.538941,5.8393,11.409099,16.767299
129.9688,-12.4049,1,21.2,66.7,12.2,-45.736,-18.8,-16.71,-16.75,-17.15,-17.18,-17.03,-16.95,-17.04,-16.97,-16.85,-16.82,-17.08,-17.47,-17.77,-18.11,-18.51,-19.17,-19.55,-19.76,-20.06,-20.36,-20.37,-20.32,-20.33,-20.29,-20.37,-20.81,-18.804545,0.006146,4.723444,48.91998,7.175703,-45.756909,0.160713,-0.02157,0.296308,-0.619942,0.000336,0.183002472,1.000023,50922.80499,1.00001998,1.00000999,1.00000999,0.003887,0.01324,-0.024755,0.145392,0.299246,0.459185,-0.783501,-1.0317,-1.678959,0.168002,0.261002,0.391003,0.287021,0.280959,0.251688,0.009376,0.000831,0.001572,1.14906,1.756919,1.87951,0.833333,0.723999,0.75102,0.172839,0.3456,0.44898,7.568049,14.760499,22.574699
130.0025,-12.291,1,15.8,66.2,18,-47.557,-19.67,-16.3,-16.63,-17.16,-17.3,-17.29,-17.11,-17.12,-17.36,-17.53,-17.56,-17.8,-18.18,-18.6,-18.98,-19.37,-19.93,-20.34,-20.62,-20.75,-20.96,-21.08,-21.08,-21.03,-21.14,-21.39,-21.8,-19.198421,0.022732,5.768546,44.200282,4.274518,-47.541816,3.426561,0.02488,0.450776,-0.283034,-0.004908,0.537998199,1.00011,51885.41905,1.00002998,1.00000999,1.00001998,-0.041,-0.03004,0.034285,3.406579,6.929659,10.444999,4.70798,-2.32745,-0.138639,0.136002,0.294003,0.408001,0.270265,0.236715,0.256193,0.005384,-0.003886,0.000283,0.964963,1.37152,1.435739,0.722221,0.72,0.759184,0.246913,0.246399,0.285714,2.66082,4.956989,7.42955
129.9681,-12.3502,2,63.5,35.4,1.1,-48.358,-19.63,-16.67,-16.88,-17.4,-17.6,-17.5,-17.31,-17.27,-17.3,-17.45,-17.63,-17.75,-18.05,-18.42,-18.83,-19.27,-19.94,-20.28,-20.51,-20.64,-20.82,-20.95,-20.98,-20.92,-20.95,-21.22,-21.64,-19.5835,0.0132,5.823241,50.469944,2.142082,-48.46975,6.800299,0.0396,0.286322,0.628441,-0.001905,0.365997315,1.000065,54724.79707,1.00001998,1.00001998,1.00000999,0.027332,0.034679,-0.05461,6.398749,12.9679,19.6452,-1.480999,-0.731137,-1.220549,0.178001,0.267001,0.375,0.361254,0.255746,0.230654,0.013186,0.006347,0.008935,1.46482,1.77785,1.950449,0.722221,0.703999,0.75102,0.469135,0.4864,0.534776,2.591959,5.168719,7.876629
129.99025,-12.38225,1,17.7,69.9,12.4,-46.078,-18.87,-16.37,-16.61,-17.21,-17.09,-16.98,-16.93,-16.89,-16.94,-17.09,-17.11,-17.16,-17.51,-17.87,-18.21,-18.64,-19.24,-19.56,-19.75,-20.03,-20.3,-20.52,-20.53,-20.47,-20.43,-20.58,-20.98,-18.750816,0.019297,6.017006,42.459757,9.449583,-45.955225,0.329543,-0.002282,0.460415,-0.250061,-0.001183,0.61700058,1.000056,50607.60369,1.00007003,1.00003997,1.00003997,-0.018886,-0.036437,0.058733,0.422075,0.841611,1.244429,2.098609,1.27941,1.98904,0.267001,0.440997,0.571999,0.578032,0.461041,0.393705,0.022877,-0.000671,-0.002655,1.88916,2.32431,2.57023,0.533333,0.592,0.586915,0.888889,1.2256,1.361099,7.71106,14.2866,21.973699
130.01785,-12.3854,1,20.7,76.8,2.5,-43.037,-20.57,-17.86,-17.89,-17.76,-17.68,-17.66,-17.77,-17.95,-18.1,-18.16,-18.22,-18.53,-19.1,-19.57,-19.84,-20.2,-20.99,-21.37,-21.57,-21.88,-22.17,-22.26,-22.25,-22.25,-22.25,-22.38,-22.7,-21.137333,0.019749,4.902183,43.457691,1.887365,-43.070267,3.186532,-0.028937,0.356259,-0.980593,0.009346,0.184001923,1.000052,48079.91595,1.00001998,1.00002998,1.00001998,0.022335,0.057083,-0.082021,3.277859,6.560999,9.808919,1.789899,-4.51479,-2.50986,0.116001,0.354,0.423999,0.163681,0.211097,0.203896,0.02732,0.017351,0.012567,1.88916,2.04428,2.21982,0.544444,0.615999,0.646938,0.444444,0.5184,0.612245,0.568799,1.139129,1.725749
130.0529,-12.3999,1,16.7,77.3,6,-40.504,-21.8,-17.79,-18.22,-18.47,-18.06,-18.74,-19.87,-19.94,-20.16,-20.63,-20.28,-20.35,-20.67,-21,-21.45,-21.57,-21.77,-21.56,-20.94,-20.85,-21.02,-20.82,-20.98,-21.44,-21.86,-22.07,-22.04,-21.0932,0.034995,5.340294,43.043483,2.185347,-40.53136,14.93759,0.01869,0.120079,2.047287,-0.001625,0.136001587,1.000009,44132.52373,1.00000999,1.00000999,1,0.018444,0.018516,-0.007875,15.029199,30.420999,45.959899,-2.725379,0.261359,0.818045,0.063999,0.158001,0.189003,0.133479,0.146697,0.127167,0.006474,-0.001225,-0.004658,1.42706,2.05394,2.2019,0.777778,0.748,0.748979,0.469135,0.713599,0.897126,4.777589,7.54004,9.598819
129.8223,-11.67725,1,0.1,59.7,40.2,-35.301,-13.88,-11.83,-11.76,-11.54,-11.42,-11.2,-11.25,-11.52,-11.75,-11.82,-11.83,-11.96,-12.29,-12.63,-13.09,-13.53,-14.31,-14.59,-14.81,-15.18,-15.59,-15.8,-15.81,-15.66,-15.63,-15.88,-16.45,-14.11,0.011473,5.539909,49.66805,8.706614,-35.674414,3.385127,-0.029219,1.017255,-0.14866,-0.000763,0.915000916,1.000193,24143.82257,1.00028999,1.00015998,1.00012001,-0.108108,-0.119079,0.101631,3.538419,7.16297,10.798,2.384239,0.518058,-0.687897,0.543999,0.724997,1.317,1.13212,0.924813,0.830078,-0.021762,-0.001397,0.000845,1.522959,1.21948,1.135619,0.666666,0.8,0.785713,0.320987,0.1984,0.183256,9.111009,17.968999,27.063199
129.9537,-12.4058,2,23.1,68.5,8.5,-47.771,-21.13,-18.09,-18.51,-18.86,-18.91,-18.71,-18.55,-18.7,-18.91,-19.04,-19.04,-19.18,-19.57,-19.97,-20.37,-20.82,-21.46,-21.84,-22.12,-22.3,-22.49,-22.65,-22.66,-22.62,-22.63,-22.84,-23.34,-21.480435,0.010411,5.402294,44.862385,3.915324,-47.663913,3.780683,0.047556,0.476504,0.71908,-0.01168,0.385002136,1.000131,52169.5433,1.00015998,1.00002998,1.00001998,-0.051776,-0.06332,0.094081,4.073029,8.21323,12.280799,1.29806,-0.870707,0.381998,0.356997,0.397998,0.426003,0.430496,0.140909,0.197566,-0.063042,-0.014585,-0.019974,1.31078,1.74493,1.93874,0.666666,0.684,0.699999,0.246913,0.406399,0.430653,2.5192,5.42993,8.51663
129.9628,-12.4028,3,14.9,79.4,5.7,-47.593,-18.75,-15.61,-16.1,-16.57,-16.56,-16.33,-16.26,-16.45,-16.63,-16.55,-16.48,-16.68,-17.19,-17.63,-17.87,-18.27,-19.13,-19.45,-19.71,-20,-20.23,-20.29,-20.26,-20.2,-20.23,-20.44,-20.89,-20.035,0.029262,4.68867,40.803304,0.253763,-47.566642,3.516955,-0.009411,0.181987,0.1749,0.005104,0.13299942,1.000035,51582.65469,1.00003997,1.00000999,1.00001998,0.012668,0.020721,-0.033939,3.60399,7.31568,11.0845,-2.964519,-3.63453,-1.162469,0.157001,0.222,0.395999,0.293348,0.165579,0.183182,0.014816,-0.001327,0.002656,1.67699,1.907879,2.00851,0.566667,0.639999,0.665305,0.888889,0.502399,0.474801,1.119339,1.670899,1.47133
129.98645,-12.40315,4,15.5,74.3,10.2,-46.121,-21.09,-18.06,-18.37,-19.1,-19.14,-18.75,-18.59,-18.78,-18.83,-18.83,-18.94,-19.1,-19.56,-20.14,-20.53,-20.8,-21.55,-21.88,-22,-22.27,-22.71,-22.93,-22.75,-22.57,-22.6,-22.82,-23.31,-20.117667,0.046087,5.649565,41.811337,1.231345,-46.092633,0.449553,0.040226,0.319888,0.256896,-0.006755,0.35200119,1.000029,49512.13727,1.00000999,1.00000999,1.00000999,-0.003776,-0.021118,0.043957,0.479324,0.956107,1.413849,-7.232729,5.1332,7.882639,0.058998,0.183001,0.292998,0.042058,0.087506,0.118096,-0.007312,-0.008303,-0.001466,1.522959,2.287019,2.62225,0.688889,0.624,0.618367,0.222222,0.569599,0.877134,1.11555,2.09309,1.396329
129.96995,-12.3569,1,15.9,78.8,5.4,-48.002,-21.3,-17.72,-18.25,-18.45,-18.59,-18.69,-18.63,-18.72,-18.9,-18.95,-18.96,-19.12,-19.58,-19.92,-20.29,-20.87,-21.68,-21.9,-21.96,-22.23,-22.56,-22.74,-22.7,-22.6,-22.64,-22.8,-23.2,-21.397142,0.004488,4.288316,63.343834,3.077518,-48.014429,5.02435,-0.001314,0.117686,-2.722849,0.003553,0.11000061,1.000021,54093.84374,1.00001998,1,1,0.014778,0.021801,-0.00249,4.995349,10.1251,15.199399,2.880019,-10,0.625285,0.11,0.11,0.247002,0.161053,0.01993,0.107308,0.000802,-0.003733,-0.009577,1.31078,1.70307,2.213629,0.722221,0.66,0.610203,0.246913,0.9824,1.00125,3.720319,6.124909,9.090169
129.95245,-12.3366,1,16,72.3,11.6,-49.208,-21.31,-17.98,-18.21,-18.83,-18.84,-18.63,-18.43,-18.57,-18.83,-18.97,-19.1,-19.33,-19.66,-20.07,-20.48,-20.89,-21.7,-21.99,-22.14,-22.24,-22.46,-22.66,-22.66,-22.51,-22.58,-22.94,-23.5,-21.189318,0.024758,5.911131,48.520788,1.903373,-49.267455,10.58656,0.054808,0.179439,-0.207004,-0.010923,0.181999207,1.000023,56995.31087,1.00002998,1.00000999,1.00000999,0.019554,0.006198,0.00402,10.355899,20.9099,31.482599,-4.15912,-0.688682,0.339244,0.173999,0.249,0.323996,0.283639,0.234755,0.198083,0.013707,-0.010993,-0.008164,1.27303,1.880699,1.93394,0.655556,0.62,0.673469,0.691357,0.646399,0.530611,1.28128,2.42331,4.093279
129.964,-12.29735,1,12.6,70.5,16.9,-51.653,-20.87,-16.66,-17.36,-17.83,-18.02,-18.07,-18,-18.04,-18.27,-18.59,-18.76,-18.91,-19.26,-19.72,-20.2,-20.59,-21.2,-21.56,-21.87,-22.1,-22.16,-22.29,-22.4,-22.25,-22.22,-22.52,-23.04,-21.306486,0.031314,5.731706,42.102156,3.445613,-51.846649,28.76854,-0.018019,0.462942,0.101895,0.005105,0.529998779,1.000137,53150.35785,1.00004997,1.00009002,1.00005996,0.036109,0.09032,-0.139449,27.2492,55.493499,84.166999,-0.560581,-1.08949,-1.634179,0.248,0.571999,0.73,0.479413,0.479822,0.406313,0.015316,0.027243,0.026097,1.88916,2.134259,1.929209,0.488889,0.615999,0.661224,1.06173,0.633599,0.44898,0.946129,2.333379,3.763439
129.93935,-12.31595,2,11.7,75,13.4,-52.738,-23.37,-18.59,-19.32,-19.71,-20.24,-20.32,-20.19,-20.34,-20.79,-20.97,-21.04,-21.44,-21.86,-22.19,-22.48,-22.93,-23.7,-23.89,-24,-24.24,-24.6,-24.67,-24.56,-24.55,-24.54,-24.82,-25.47,-24.51,0.003587,4.246656,42.32131,50.54929,-52.768499,37.26584,-0.024881,1.865532,0.510409,0.000607,0.638000488,1.000913,55689.13386,1.0011,1.00041999,1.00039001,-0.143665,-0.095958,-0.006225,36.214199,73.7863,112.490997,1.42698,0.647301,0.144967,0.943,1.08,2.023999,2.13345,1.271589,1.20252,0.059644,0.056444,0.065301,1.67699,2.32431,2.60979,0.566667,0.527999,0.561223,0.765432,1.625599,1.63765,36.013099,69.757896,98.838096
129.95395,-12.32235,1,15.3,79.5,5.2,-50.962,-22.74,-18.23,-18.79,-19.4,-19.56,-19.46,-19.42,-19.68,-20,-20.18,-20.3,-20.57,-20.99,-21.41,-21.85,-22.33,-23.17,-23.49,-23.74,-23.96,-24.19,-24.36,-24.39,-24.4,-24.41,-24.56,-25.09,-23.125714,0.02469,4.153971,40.36374,24.20787,-50.978857,21.49932,0.088295,0.457513,2.107496,-0.02115,0.158000946,1.0001,56066.34608,1.00005996,1.00002998,1.00002998,-0.019447,-0.023841,0.074552,21.4556,43.4183,65.090599,-0.035098,-0.067825,5.235079,0.274001,0.482001,0.600001,0.430716,0.328902,0.221525,-0.017264,-0.013512,-0.011278,1.42706,1.71782,1.927909,0.744444,0.768,0.695918,0.172839,0.409599,0.464805,18.313199,38.751201,60.3162
130.0626,-12.3428,1,16.7,74,9.4,-43.279,-22.43,-17.79,-18.07,-18.6,-18.98,-19.56,-20.1,-20.42,-20.74,-21.16,-20.9,-20.95,-21.21,-21.67,-22.17,-22.42,-22.4,-22.12,-21.87,-21.74,-21.65,-21.8,-21.83,-22.12,-22.46,-22.72,-22.94,-22.333636,0.027653,5.653326,46.846772,12.2545,-43.116485,3.092413,0.008205,0.346408,0.170486,-0.00283,0.409999847,1.000037,47394.53098,1.00000999,1.00001998,1.00001998,-0.012332,-0.052719,0.083672,2.64788,5.4429,8.30659,9.013779,6.7273,7.096049,0.107997,0.256,0.351996,0.14916,0.139221,0.128838,-0.002344,-0.014378,-0.008472,1.522959,2.113329,2.28537,0.655556,0.643999,0.62449,0.617283,0.56,0.77551,13.410699,25.986499,39.865299
130.0623,-12.31695,1,27.8,61,11.2,-45.235,-19.34,-15.77,-15.99,-16.49,-16.57,-16.95,-17.4,-17.65,-17.64,-17.71,-17.82,-17.95,-17.97,-18.19,-18.75,-19.22,-19.27,-18.88,-18.47,-18.34,-18.51,-18.61,-18.69,-18.96,-19.32,-19.68,-19.71,-19.394737,0.020074,5.792633,42.02226,3.252886,-45.311974,0.01659,-0.006768,0.448729,0.173426,0.000324,0.552001953,1.000049,49261.3858,1.00001998,1.00003997,1.00003997,0.019111,0.048957,-0.04404,0.000316,-0.000428,-0.000548,0.33629,0.533798,1.295179,0.165999,0.412003,0.638999,0.306416,0.396627,0.410248,0.014881,0.019003,0.007935,1.67699,1.822469,1.922219,0.655556,0.712,0.691837,0.395061,0.409599,0.482299,3.974699,7.09871,10.814599
130.0469,-12.3965,1,17.2,76.5,6.3,-40.93,-21.98,-18.26,-18.53,-18.65,-18.71,-19.27,-20.36,-20.5,-20.75,-21.04,-20.71,-20.63,-20.92,-21.33,-21.85,-22.01,-21.82,-21.67,-21.25,-21.29,-21.41,-21.1,-21.3,-21.71,-22.09,-22.27,-22.35,-21.370476,0.01361,5.965643,41.926376,3.33918,-40.881714,12.7887,-0.008348,0.194968,-0.803667,0.001305,0.248996735,1.000017,44873.65932,1.00004997,1.00000999,1.00000999,-0.061222,-0.071399,0.071735,12.705699,25.750099,38.845199,5.66405,1.347749,1.553099,0.214,0.247997,0.247997,0.367071,0.234203,0.141834,-0.010904,-0.001017,0.004318,1.67699,1.700299,1.87353,0.61111,0.708,0.706121,0.444444,0.3104,0.372345,5.392179,10.673399,16.965499
129.66975,-10.44665,7,20.5,66.6,12.9,-72.855,-24.24,-21.96,-22.16,-22.53,-22.65,-22.43,-22.18,-22.27,-22.6,-22.72,-22.65,-22.76,-23.16,-23.46,-23.65,-23.96,-24.59,-24.91,-25.09,-25.49,-25.84,-25.99,-26.18,-26.32,-26.46,-26.71,-27.14,-23.128,0.022544,4.652745,40.313525,2.948148,-72.835801,2.805058,-0.078148,0.296445,0.855963,0.011341,0.137992859,1.000025,110960.2844,1.00002998,1.00003997,1.00008003,-0.009895,0.014999,-0.075812,2.801559,5.663479,8.519459,3.84059,1.61582,-0.279233,0.151993,0.363007,0.862007,0.32135,0.329185,0.363703,0.012767,0.02815,0.039828,1.735129,1.57517,1.61105,0.688889,0.787999,0.779591,0.54321,0.2944,0.305705,1.99098,3.97497,6.11173
129.71745,-10.4483,2,14.3,79.8,5.9,-73.461,-25,-21.75,-22.08,-22.41,-22.5,-22.47,-22.26,-22.26,-22.42,-22.52,-22.66,-22.89,-23.27,-23.75,-24.14,-24.6,-25.27,-25.61,-25.96,-26.31,-26.62,-26.83,-26.83,-26.89,-27.21,-27.54,-27.83,-25.623333,0.019348,5.932858,42.113602,0.219654,-73.300523,2.640391,-0.023004,0.473287,-0.188922,0.002897,0.645996094,1.000042,107275.1785,1.00003997,1.00004997,1.00003997,0.002449,-0.00492,-0.000185,2.584589,5.23322,7.89229,-0.728055,0.337853,-0.227449,0.225997,0.498001,0.673003,0.495063,0.539734,0.517117,-0.001253,-0.001089,0.001037,0.964963,1.44674,1.5176,0.722221,0.72,0.769388,0.098765,0.230399,0.314036,0.417154,0.71201,1.064689
129.6671,-10.4296,6,7.4,85.1,7.6,-75.212,-24.01,-20.96,-21.39,-21.72,-21.77,-21.57,-21.4,-21.49,-21.71,-21.86,-21.85,-22.04,-22.49,-22.8,-23.16,-23.66,-24.39,-24.71,-24.96,-25.41,-25.8,-25.97,-26.03,-26.16,-26.35,-26.51,-26.79,-23.6735,0.005689,5.291782,39.774363,1.882359,-75.12255,2.036967,-0.0596,0.445522,-0.519331,0.015116,0.306999206,1.000118,112526.6854,1.00016998,1.00002998,1.00002998,-0.089111,-0.037635,0.023018,2.027559,4.090149,6.162829,5.05277,-0.277242,0.681999,0.306998,0.496001,0.559997,0.48917,0.426043,0.293962,-0.021818,0.024529,0.01829,1.46482,1.56742,1.69825,0.6,0.66,0.655102,0.444444,0.3456,0.418159,1.806839,3.444479,5.065509
129.6498,-10.30085,8,16.4,76.4,7.2,-95.94,-24.41,-20.09,-20.58,-21.04,-21.27,-21.28,-21.29,-21.49,-21.72,-21.93,-22.14,-22.35,-22.76,-23.18,-23.56,-24.03,-24.74,-25.04,-25.37,-25.83,-26.13,-26.27,-26.44,-26.58,-26.79,-27.17,-27.61,-25.70125,0.006453,4.505457,49.855577,0.230883,-96.456499,0.86446,-2.419716,10.54932,0.025919,0.585778,2.387001038,1.046841,124474.3014,1.04111,1.03309997,1.02274002,0.993888,2.105279,-2.729589,0.768113,1.699929,2.69334,1.424589,-0.076488,0.192911,5.369999,9.104,11.994999,10.111399,11.062999,9.964429,0.844133,0.674063,0.523901,1.831019,2.435209,2.647409,0.373203,0.518352,0.578751,1.77778,1.519999,1.44523,0.539704,0.801392,0.761812
129.5553,-10.3008,5,12.6,71.4,16,-104.403,-29.55,-23.11,-23.46,-23.77,-24.17,-24.38,-24.41,-24.83,-25.26,-25.84,-26.64,-27.06,-27.46,-27.85,-28.33,-29.06,-30.08,-30.76,-31.43,-32.12,-32.83,-33.14,-32.84,-32.7,-32.97,-33.51,-34.31,-29.59,0.003835,3.19791,68.277823,1.254102,-102.315001,2.408746,-1.191658,29.50106,0.245499,0.236984,8.770996094,1.180729,131288.9104,1.20853996,1.10287002,1.06957,0.926002,0.54708,-0.808387,3.228719,6.373509,9.669179,-0.336463,0.355733,0.140286,13.43,19.836999,23.728,32.034301,26.6116,22.8078,-0.546621,-0.087847,0.134092,1.88916,2.34524,2.789989,0.6,0.524706,0.449339,0.617283,1.513599,1.59017,1.51651,1.741389,2.4456
129.53895,-10.4637,14,6.6,82.4,11,-54.356,-21.47,-18.93,-19.06,-19.01,-19,-19.15,-19.25,-19.4,-19.61,-20,-20.24,-20.36,-20.57,-20.82,-21.15,-21.32,-21.67,-21.69,-21.73,-21.94,-22.17,-22.22,-22.2,-22.49,-22.99,-23.21,-23.38,-20.989286,0.033422,4.966051,45.421955,7.486011,-54.212714,13.57781,-0.083498,0.562705,-0.794237,0.013211,0.282997131,1.000214,120075.1298,1.00025001,1.00030998,1.00015998,-0.158222,-0.27676,0.261386,13.539799,27.474599,41.438098,4.61637,0.456133,-3.28743,0.382999,0.792999,1.021,0.646579,0.572733,0.508637,-0.103661,-0.082066,-0.039937,0.683739,1.01503,1.1969,0.944444,0.86,0.816326,0.172839,0.214399,0.189088,6.711669,13.6863,20.757799
129.5864,-10.42305,1,15.1,84.5,0.4,-115.276,-30.4,-24.74,-25.28,-25.9,-26.3,-26.3,-26.32,-26.56,-26.87,-27.22,-27.47,-27.73,-28.25,-28.84,-29.34,-29.89,-30.79,-31.21,-31.49,-31.95,-32.43,-32.64,-32.98,-33.21,-33.2,-33.27,-33.66,-29.281053,0.009085,5.231001,49.007068,2.061993,-114.576106,8.00895,0.133983,1.874717,0.068267,-0.011067,1.525001526,1.001227,119254.987,1.00166999,1.00093002,1.00063003,-0.425559,-0.595398,0.67449,8.311739,16.748199,25.2014,5.35051,1.41452,0.794574,0.962997,1.524999,1.912999,1.26874,1.442379,1.434049,-0.286128,-0.098134,-0.040831,2.19722,2.99707,3.38435,0.429499,0.34251,0.395913,3.20988,3.177599,3.64681,1.66222,3.875139,7.238709
129.5245,-10.45235,32,2.8,85.3,11.9,-55.972,-19.93,-16.62,-16.92,-17.11,-16.64,-17.25,-17.92,-18.03,-18.36,-18.79,-18.7,-18.84,-19.03,-19.19,-19.8,-20.01,-19.79,-19.64,-19.14,-19,-19.12,-19.05,-19.12,-19.52,-20.02,-20.31,-20.45,-20.373429,0.03602,5.718216,43.208558,8.929469,-56.204771,12.06175,0.157051,1.703753,-0.201993,-0.049308,1.887001038,1.001118,122092.5614,1.00293998,1.00108001,1.00055,-0.165001,-0.149441,0.136286,12.288999,24.858299,37.4785,-1.05261,-2.17477,-2.39472,1.463999,2.069999,2.325999,3.49201,2.39455,1.67427,-0.220794,-0.103534,-0.085822,1.06086,1.37152,1.415539,0.833333,0.779999,0.82653,0.246913,0.1824,0.229903,10.0621,19.802499,29.323799
129.52315,-10.5195,13,0.9,85,14.1,-54.49,-21.88,-17.8,-18.36,-18.51,-18.14,-18.85,-19.73,-19.95,-20.22,-20.85,-21.03,-20.91,-21.08,-21.37,-21.73,-21.76,-21.93,-21.72,-21.38,-21.4,-21.54,-21.42,-21.35,-21.74,-22.29,-22.6,-22.69,-22.294166,0.023249,4.818828,42.28655,4.632034,-54.305834,13.5256,0.082221,1.099357,-0.440068,-0.025481,0.674999237,1.000279,117512.0937,1.00017997,1.00017997,1.00013999,-0.061557,-0.150681,0.199063,13.3936,27.1629,41.018699,-1.461779,-1.25413,-0.49298,0.324001,0.703998,1.042,0.670787,0.596662,0.643775,-0.075994,-0.070638,-0.042345,1.522959,1.609279,1.688509,0.566667,0.667999,0.70204,0.222222,0.4736,0.406497,4.682829,10.1864,15.814399
129.52615,-10.37165,39,6,53.9,40.1,-102.947,-23.79,-18.47,-19.1,-19.52,-19.71,-20.14,-20.87,-21.27,-21.57,-22.07,-22.21,-22.29,-22.56,-23.01,-23.54,-23.8,-23.79,-23.65,-23.39,-23.34,-23.41,-23.35,-23.36,-23.77,-24.31,-24.64,-24.66,-24.127143,0.038278,4.396681,50.994084,1.283531,-103.280143,2.611221,-0.318059,1.831935,-0.462841,0.047347,0.704002381,1.000691,127948.9237,1.00023002,1.00035003,1.00066001,0.081336,0.158203,-0.302307,2.499439,5.07761,7.7112,-0.747941,-0.723161,-0.569621,0.527,1.27399,2.358999,1.10589,1.2731,1.53214,0.024845,0.036283,0.07834,1.46482,1.988829,1.812569,0.6,0.62,0.704082,0.888889,0.569599,0.453978,1.409839,2.607759,3.84938
129.4903,-10.39295,3,12.1,80.5,7.5,-92.361,-28.23,-24.29,-24.66,-24.98,-24.94,-25.16,-25.81,-26.18,-26.37,-26.79,-26.87,-26.8,-27.15,-27.61,-27.9,-28.13,-28.16,-27.85,-27.39,-27.33,-27.44,-27.46,-27.52,-27.88,-28.28,-28.48,-28.56,-27.101875,0.017422,5.079469,47.001381,0.192694,-90.841562,0.075667,1.353728,7.480733,0.868003,-0.182253,3.372001648,1.013669,129234.6081,1.00263,1.00301002,1.00630996,-0.156112,-0.458838,1.17312,0.17974,0.342896,0.446052,0.856666,1.96176,2.614559,1.851009,3.99599,8.261989,3.964479,3.619489,4.533189,-0.07975,-0.122787,-0.255183,1.42706,1.997849,2.551709,0.688889,0.736,0.685714,0.222222,0.713599,1.30612,0.390969,0.737024,1.056589
129.50925,-10.68035,4,1,59.4,39.6,-33.842,-12.85,-10.71,-10.88,-10.98,-10.38,-11.19,-12.13,-12.24,-12.4,-12.57,-12.25,-12.12,-12.17,-12.4,-13.03,-12.91,-13.01,-12.8,-12.31,-12.37,-12.46,-12.25,-12.27,-12.67,-13.17,-13.42,-13.53,-13.1,0.005134,4.676614,49.51253,42.37852,-33.8111,34.68777,-0.001274,0.270281,0.140657,-0.008719,0.090000153,1.000037,108838.9928,1.00005996,1.00002998,1.00000999,-0.059333,-0.065277,0.046345,34.6828,70.201797,105.866996,1.210489,-7.138989,8.54959,0.243,0.27,0.393002,0.359614,0.075066,0.047811,-0.038298,-0.014483,0.018241,0.964963,1.27698,1.303259,0.777778,0.72,0.734694,0.098765,0.239999,0.226572,43.268798,86.327301,130.386993
129.5274,-10.6412,6,0.6,90.9,8.5,-37.051,-15.39,-12.71,-12.93,-12.99,-12.75,-13.39,-14.18,-14.18,-14.3,-14.64,-14.32,-14.27,-14.42,-14.63,-15.14,-15.24,-15.27,-15.01,-14.44,-14.3,-14.31,-14.23,-14.44,-14.86,-15.22,-15.34,-15.39,-14.74875,0.036108,4.98465,47.786924,32.70817,-37.111,30.60785,-0.044683,0.302865,-2.086527,-0.004957,0.206996918,1.000038,109385.6968,1.00008003,1.00002998,1.00001998,-0.005107,0.065719,-0.109367,30.6865,62.042499,93.5223,0.04967,-4.105579,-5.31019,0.306998,0.451,0.575001,0.664731,0.304596,0.168612,-0.005309,0.017547,0.01705,0.683739,1.10501,1.299059,0.944444,0.879999,0.836735,0.222222,0.1536,0.189088,30.315,61.446201,92.952102
129.4737,-10.62965,17,0.6,57.7,41.6,-28.429,-12.42,-11.84,-11.84,-11.64,-11.17,-10.99,-10.59,-10.84,-11.13,-11.36,-11.77,-11.68,-11.5,-11.52,-11.57,-12.08,-12.47,-12.9,-13.23,-13.57,-13.92,-14.05,-14.14,-14.25,-14.37,-14.54,-14.9,-11.523103,0.011347,6.160928,41.691857,53.35825,-28.470828,41.81174,0.031452,0.314263,0.822907,-0.003621,0.327999115,1.000039,115045.5136,1.00004997,1.00003997,1.00001998,0.038555,0.052919,-0.049713,41.832901,84.656799,127.699996,-0.36138,3.40996,-5.18229,0.261999,0.376998,0.541999,0.433497,0.21103,0.113642,0.006079,0.01353,-0.014294,1.67699,2.09857,2.30904,0.633333,0.632,0.620407,0.320987,0.6144,0.687214,49.696899,100.736999,151.210998
129.48035,-10.5516,12,16.5,70.1,13.3,-87.634,-26.03,-21.89,-22.05,-22.77,-22.52,-22.9,-23.86,-24.25,-24.53,-24.81,-24.75,-24.75,-25,-25.45,-25.87,-26.06,-25.97,-25.81,-25.59,-25.56,-25.61,-25.45,-25.38,-25.68,-26.1,-26.43,-26.51,-26.109167,0.014742,4.747766,51.674026,0.088024,-88.547834,0.004502,-0.098373,3.761935,0.368509,0.044678,2.058998108,1.002508,119170.7972,1.00129997,1.00137001,1.00157997,-0.038108,0.021637,-0.12814,0.006354,0.01209,0.016321,0.446431,0.098782,-0.053086,1.281999,2.766,4.217,2.747659,2.79625,2.907639,0.007098,0.060295,0.078313,1.46482,1.978719,2.29287,0.688889,0.684,0.697959,0.469135,0.72,0.873803,0.098807,0.28773,0.519276
129.48345,-10.60555,23,0.5,55.7,43.8,-32.268,-13.9,-13.22,-13.12,-12.86,-12.45,-12.41,-12.44,-12.56,-12.87,-13.18,-13.27,-13.35,-13.21,-12.77,-12.93,-13.49,-14.02,-14.3,-14.53,-14.83,-15.19,-15.36,-15.35,-15.21,-15.36,-15.84,-16.31,-13.888333,0.018963,4.246656,42.269954,37.84536,-32.508834,36.35489,-0.091925,1.160743,-0.633601,-0.011421,0.427997589,1.000252,115559.3234,1.00032997,1.00025001,1.00021003,0.063888,0.208159,-0.335936,36.630001,73.995002,111.417999,-3.515419,-5.455269,-4.60514,0.611999,0.921997,1.274,1.21282,0.785335,0.728317,0.010875,0.032618,0.03011,0.683739,1.44281,2.055259,0.888889,0.755999,0.634693,0.098765,0.239999,0.34319,37.5816,76.390502,115.332
129.7843,-11.00335,19,20.4,60.3,19.3,-51.442,-20.4,-19.03,-19.09,-19.16,-19.08,-18.77,-18.5,-18.43,-18.44,-18.55,-18.51,-18.63,-19.06,-19.34,-19.67,-20.08,-20.68,-21.02,-21.44,-21.79,-22.09,-22.31,-22.4,-22.49,-22.61,-22.72,-23.05,-20.902727,0.011228,5.979774,43.430063,6.793723,-51.446795,31.69757,0.042438,0.573992,1.251115,-0.004274,0.714000702,1.000169,64781.97648,1.00027999,1.00007003,1.00004997,-0.001335,-0.040801,0.055185,31.700899,64.227996,96.916099,-1.10412,2.856669,1.7086,0.551002,0.714,0.791,1.035189,0.595046,0.492096,0.017532,0.00933,-0.001947,1.368919,1.585469,1.87897,0.777778,0.727999,0.679592,0.246913,0.2976,0.410661,8.5424,16.455799,25.513599
129.81035,-11.039,27,22.9,59.4,17.7,-52.153,-21.03,-19.05,-19.05,-19.23,-19.32,-19.07,-18.71,-18.75,-18.72,-18.68,-18.88,-19.11,-19.66,-19.98,-20.32,-20.66,-21.22,-21.57,-21.73,-22.04,-22.41,-22.58,-22.5,-22.59,-22.98,-23.49,-24.03,-21.38625,0.050879,4.200493,45.974869,4.672581,-52.041375,30.33032,-0.051031,0.494837,-0.055831,0.015845,0.35200119,1.000146,60017.09889,1.00014999,1.00004997,1.00001998,0.004665,-0.019557,0.020999,30.1046,60.974998,91.981697,-2.52687,0.755069,1.153769,0.321999,0.411002,0.458,0.761964,0.395859,0.273689,-0.039601,-0.013554,-0.003144,1.303089,1.81016,1.977329,0.8,0.755999,0.697959,0.617283,0.425599,0.588087,5.79784,11.947999,17.590099
129.9076,-11.0109,2,28.6,60.1,11.3,-79.231,-25.26,-22.68,-22.74,-22.76,-22.85,-22.9,-22.72,-22.69,-22.85,-22.87,-22.91,-23.09,-23.43,-23.87,-24.41,-24.87,-25.71,-26.09,-26.29,-26.57,-27.02,-27.24,-27.24,-27.32,-27.48,-27.7,-28.22,-24.533333,0.00676,4.899959,46.61918,1.365435,-79.265266,0.004179,0.036318,0.19844,2.833348,-0.005723,0.10900116,1.000029,53789.17393,1.00001998,1.00002998,1.00000999,0.02555,0.008995,-0.021649,0.004482,0.009406,0.013889,-7.14748,10,2.606129,0.088005,0.237,0.399001,0.111785,0.019219,0.101048,0.001451,-0.006275,0.003389,1.88916,2.622499,3.141809,0.466666,0.409321,0.393913,0.888889,2.953599,4.01,2.65697,5.11063,7.887229
129.914,-11.1251,2,3.9,78.2,17.8,-22.612,-14.03,-13.01,-12.97,-13.05,-13.19,-12.87,-12.54,-12.37,-12.41,-12.5,-12.52,-12.61,-12.85,-13.14,-13.38,-13.66,-14.32,-14.77,-15.11,-15.32,-15.53,-15.7,-15.84,-15.81,-15.86,-16.02,-16.21,-13.766154,0.009123,5.470836,49.101145,105.256,-20.378461,141.1483,0.912743,9.177501,0.145638,-0.226103,7.8939991,1.025897,45239.87636,1.00194,1.00236,1.00319,-0.056999,-0.13908,0.301306,130.050994,263.497985,398.234985,0.128042,0.307076,0.581996,1.332999,2.94,5.138,3.56046,3.81289,4.218369,-0.029349,-0.043684,-0.074185,1.831019,2.30338,2.535039,0.6,0.6,0.57551,0.839505,1.097599,0.77551,102.049003,205.996994,312.251007
129.8397,-11.6209,12,2.724195,52.07433,45.20147,-31.278,-13.42,-11.04,-11.76,-12.31,-12.5,-12.76,-13.41,-13.53,-13.26,-13.37,-13.11,-12.88,-13.08,-13.4,-13.69,-13.64,-13.27,-13.06,-12.78,-12.61,-12.59,-12.55,-12.5,-12.55,-12.61,-12.69,-12.73,-13.082,0.031031,4.626381,41.452741,12.66126,-31.6804,4.961588,0.48072,3.150046,0.550425,-0.074078,1.122001648,1.003914,25837.44053,1.00611999,1.00193,1.00184997,0.178777,0.25916,-0.252572,5.06127,10.220299,15.4132,-2.838289,-0.999208,0.581505,2.73,3.131,3.566999,5.236509,3.061969,2.04765,-0.115668,0.006701,0.003594,0.683739,1.374289,1.78454,0.888889,0.779999,0.733332,0,0.2624,0.40733,11.2096,22.4375,34.141101
129.82375,-11.5451,23,15.98419,44.04446,39.97135,-48.912,-18.99,-16.33,-16.4,-16.5,-16.63,-16.62,-16.4,-16.31,-16.39,-16.52,-16.5,-16.66,-17.19,-17.63,-18.03,-18.59,-19.31,-19.63,-19.91,-20.34,-20.65,-20.83,-20.99,-20.89,-20.87,-21.13,-21.69,-19.509231,0.009451,4.897656,43.931217,0.266621,-48.942462,0.332674,0.122107,0.557777,2.405823,-0.012319,0.388999939,1.000117,32008.61095,1.00017997,1.00004997,1.00008003,-0.079776,-0.10416,0.132631,0.338694,0.6873,1.03988,1.79199,2.590339,5.29297,0.326,0.455996,0.782001,0.761999,0.448783,0.315733,-0.051026,-0.003481,0.001462,1.368919,1.643689,1.549649,0.777778,0.667999,0.765079,0.246913,0.3264,0.323199,0.102099,0.21311,0.300464
127.43615,-12.06945,8,2.6,57,40.4,-36.26,-17.75,-13.66,-14.57,-15.65,-16.32,-16.7,-17.28,-17.17,-17.05,-16.81,-17.17,-17.27,-17.17,-17.2,-17.23,-17.72,-17.91,-18.04,-17.97,-18.27,-18.65,-18.47,-18.55,-18.71,-18.89,-18.89,-18.96,-17.850435,0.015678,6.32274,42.515376,80.41306,-36.196957,75.25177,0.051635,1.714869,-0.030825,0.000262,0.419998169,1.00049925,192564.2295,1.00054,1.00055,1.00054,0.03889,0.0648,0.092247,75.055099,151.869003,229.005996,-0.391826,0.024902,0.01916,0.830002,1.61,2.41,1.866179,1.883559,1.884559,0.015211,0.018929,0.019674,1.88916,2.055099,2.354609,0.6,0.663999,0.62857,1.283949,0.8256,1.02874,80.095298,163.595001,245.164001
127.4277,-12.0686,14,19.5,45.9,34.6,-60.5,-26.07,-22.28,-22.61,-23.7,-24.92,-25.58,-25.68,-25.39,-25.03,-25.41,-25.63,-25.44,-25.18,-24.93,-25.04,-25.31,-25.56,-25.59,-25.59,-25.73,-25.88,-25.83,-25.87,-26.14,-26.21,-26,-25.99,-24.513453,0.017994,7.006024,43.37196,22.14688,-59.964029,29.01914,0.609529,3.732356,-0.096269,0.011902,1.490001678,1.0030335,192413.5479,1.01678001,1.01720001,1.01408996,0.418888,1.223999,1.781219,27.9346,55.598598,82.880897,-0.97543,-0.232694,-0.17847,4.849999,8.84,11.199999,8.27766,8.98071,8.65812,0.523392,0.473517,0.360291,2.04319,2.809779,3.15943,0.515384,0.36403,0.411971,2.39506,3.094399,4.17992,15.242799,30.7289,45.564601
127.4293,-12.0802,36,18.4,33.5,48.1,-45.28,-22.46,-19.29,-20.16,-20.94,-21.83,-22.32,-22.88,-22.62,-22.35,-22.34,-22.46,-22.4,-22.19,-22.01,-22.03,-22.35,-22.56,-22.64,-22.51,-22.67,-22.93,-22.86,-22.94,-23.16,-23.26,-23.12,-23.15,-22.019474,0.010866,5.223321,42.344469,39.60775,-45.476842,54.63148,0.249975,5.098853,0.251341,0.011996,0.569999695,1.00437375,191220.5243,1.00373001,1.00482002,1.0036,-0.007778,0.0844,0.213062,55.0541,111.277999,167.563995,0.424223,0.281439,0.259611,1.85,4.269999,5.3,4.827879,5.22478,4.836319,0.098773,0.104281,0.125443,1.831019,1.85423,2.068239,0.688889,0.736,0.685714,0.395061,0.358399,0.506456,36.492801,72.265197,109.475997
127.09675,-11.88635,4,29,64.8,6.3,-83.59,-28.77,-24.66,-25.85,-26.88,-27.5,-27.99,-28.41,-28.53,-28.45,-28.57,-28.73,-28.75,-28.62,-28.41,-28.57,-28.92,-29.22,-29.18,-29.22,-29.43,-29.58,-29.63,-29.76,-29.93,-30.02,-29.94,-30.06,-29.930323,0.027084,5.629682,46.523502,11.09043,-83.799678,16.26067,-0.02697,2.67699,-0.05203,-0.00214,0.479995728,1.001427,206046.6283,1.00125999,1.00089996,1.00095001,0.055557,0.030807,0.042449,16.493299,33.4169,50.399101,-0.183641,0.200048,0.215827,1.259999,2.329999,3.39,2.700649,2.483599,2.45438,-0.010644,-0.002761,0.017928,1.88916,2.134259,2.50534,0.633333,0.592,0.620407,0.888889,0.6976,1.112869,14.486,28.0428,42.599998
127.0752,-11.89205,6,27.9,57.7,14.3,-74.04,-27.07,-25.5,-26.63,-27.83,-28.48,-28.92,-29.39,-29.36,-29.18,-29.47,-29.67,-29.59,-29.43,-29.32,-29.52,-29.73,-29.91,-30.03,-29.95,-30.08,-30.23,-30.2,-30.3,-30.58,-30.62,-30.51,-30.58,-29.80717,0.019366,6.09569,41.067032,11.14013,-73.884905,31.87786,0.002967,1.555871,0.185161,-0.005854,0.489997864,1.00052775,205230.1598,1.00026,1.00013999,1.00007003,-0.09111,-0.119598,-0.122657,31.6846,64.159797,96.783599,-0.708908,-0.846732,-0.891363,0.459998,0.709999,0.819999,0.926249,0.697915,0.549655,-0.055436,-0.03429,-0.01679,1.831019,2.282449,2.722729,0.506536,0.478352,0.499945,1.33333,0.7936,1.427739,15.411399,31.2803,47.923301
127.098,-11.8991,20,28.2,61,10.7,-58.65,-26.77,-22.69,-23.7,-24.78,-25.2,-25.78,-26.43,-26.26,-25.75,-25.91,-26.2,-26.03,-25.87,-25.87,-25.95,-26.07,-26.31,-26.46,-26.31,-26.32,-26.6,-26.7,-26.77,-26.93,-27,-26.92,-26.99,-26.230244,0.024646,5.918182,41.708631,29.05943,-58.687805,65.90401,0.07715,1.443683,-0.824729,0.011363,0.279998779,1.00063475,204652.993,1.00014999,1.00013999,1.00008003,0.126662,0.218399,0.170612,65.830001,133.065002,200.817001,-3.432149,-0.797129,6.0735,0.359997,0.589999,0.91,0.471686,0.404731,0.300069,0.049743,0.047509,0.003523,2.19722,2.497999,2.497489,0.433333,0.532,0.561223,1.33333,1.039999,0.85631,25.8729,52.5242,78.989501
127.10255,-11.899,14,26.4,35.4,38.2,-58.52,-26.52,-22.57,-23.33,-24.32,-25.02,-25.6,-26.16,-26.08,-25.69,-25.77,-25.96,-25.91,-25.79,-25.72,-25.77,-25.91,-26.19,-26.35,-26.22,-26.3,-26.47,-26.45,-26.5,-26.73,-26.81,-26.68,-26.84,-26.213333,0.013234,5.474104,43.742097,28.75342,-58.52125,66.34597,0.190481,0.839894,-1.716595,-0.010031,0.160003662,1.000395,204707.6154,1.00010002,1.00011001,1.00012001,0.076667,0.152401,0.22245,66.245101,133.940002,201.822998,-9.959759,-0.701237,-0.116843,0.200001,0.579998,1.039999,0.13672,0.2874,0.399372,0.015233,0.055767,0.045446,1.42706,1.998939,2.47527,0.8,0.712,0.621977,0.222222,0.56,1.165349,28.0463,56.6002,85.1529
126.9858,-11.7947,2,59.1,33.1,7.8,-82.24,-27.78,-24.21,-25.19,-26.03,-26.68,-27.26,-27.77,-27.81,-27.63,-27.73,-27.86,-27.88,-27.73,-27.56,-27.68,-27.99,-28.3,-28.42,-28.43,-28.58,-28.67,-28.6,-28.67,-28.88,-28.95,-28.91,-29.09,-28.6395,0.016015,5.288512,41.964985,16.04693,-82.102999,18.56203,0.287198,4.22714,-0.071793,0.001868,0.720001221,1.00286325,215500.8061,1.00259002,1.00222,1.00209999,-0.005554,0.113998,0.247757,18.3815,37.068298,55.696399,0.125093,0.112599,0.051964,1.83,3.63,5,3.89647,3.688189,3.60396,0.055149,0.084599,0.083396,2.19722,2.677949,3.073139,0.373203,0.435891,0.408107,1.65432,1.679999,1.870049,16.085399,33.214698,51.619598
127.04395,-11.81675,9,35.2,43.6,21.2,-82,-28.87,-24.53,-25.5,-26.57,-27.2,-27.65,-28.12,-28.16,-28.02,-28.32,-28.49,-28.39,-28.31,-28.07,-28.09,-28.35,-28.62,-28.59,-28.53,-28.74,-28.86,-28.79,-28.81,-29.02,-29.04,-28.9,-29.07,-28.712927,0.02213,5.919494,44.701827,15.70421,-81.423658,19.5278,0.17111,4.657541,0.064933,0.022689,1.069999695,1.0036485,213322.0759,1.00339996,1.00186996,1.00186996,-0.11444,-0.136803,-0.088363,18.795,38.058898,57.340801,0.213561,0.204166,0.159941,1.909999,3.030009,5.099999,4.40181,3.51903,3.42297,-0.074891,-0.01252,0.036133,1.67699,2.17612,2.520129,0.577777,0.583999,0.57551,0.617283,0.502399,0.745522,14.626199,29.882799,45.1408
127.03125,-11.8185,17,25.5,30.2,44.3,-90.51,-29.4,-25.07,-25.97,-26.89,-27.5,-28.14,-28.68,-28.63,-28.31,-28.45,-28.62,-28.52,-28.43,-28.35,-28.41,-28.69,-28.94,-28.99,-29.03,-29.29,-29.41,-29.33,-29.46,-29.7,-29.67,-29.54,-29.65,-29.760976,0.021561,5.90999,44.573389,11.92152,-91.074879,8.109704,1.026497,9.246208,-0.035391,0.090644,2.040000916,1.01541025,213055.9491,1.01080001,1.01248001,1.01196998,0.281112,0.697601,1.021219,8.50384,16.907699,25.136499,-0.11501,-0.179902,-0.024797,4.239999,8.06,11.899999,8.05547,8.324449,8.24378,0.224929,0.236733,0.193645,2.19722,2.886169,3.12772,0.271629,0.45802,0.47282,4.61728,3.5136,2.754689,13.0521,27.2238,40.3194
126.9373,-11.4333,22,64.9,28.7,6.4,-62.6,-27.75,-24.77,-25.69,-26.79,-27.57,-28.13,-28.72,-28.72,-28.36,-28.52,-28.72,-28.73,-28.59,-28.36,-28.55,-28.99,-29.18,-29.21,-29.1,-29.27,-29.58,-29.55,-29.56,-29.82,-29.9,-29.77,-29.83,-29.117526,0.015314,6.724767,44.479827,22.89859,-62.60134,56.80011,0.628875,1.406766,-0.099898,-0.01445,0.590000153,1.0006285,255394.5286,1.00073997,1.02248001,1.01697998,0.055557,0.549602,1.13021,56.729801,113.690002,169.447998,-1.849249,-0.891803,-0.157033,0.809997,11.13,15.8,0.931061,5.611289,8.3794,0.123923,0.389156,0.406028,2.19722,2.886169,3.2146,0.555555,0.444705,0.421425,1.06173,1.8176,3.619329,26.929,54.612701,85.325897
126.9655,-11.4402,9,32,47.2,20.8,-57.15,-29.37,-24.16,-24.94,-25.99,-26.75,-27.4,-27.88,-27.94,-27.67,-27.65,-27.8,-27.8,-27.75,-27.68,-27.77,-27.88,-27.93,-28,-28.01,-28.11,-28.13,-28.05,-28.14,-28.34,-28.39,-28.33,-28.44,-28.05275,0.018669,5.829608,40.870318,29.03648,-57.17875,74.9083,-0.013603,2.114519,-0.201401,-0.037944,0.630001068,1.001656,254672.7978,1.00026,1.00009002,1.00007003,-0.011112,0.022399,0.015914,75.027,151.759994,228.929,1.523759,-0.004539,0.30083,0.489998,0.630001,1.059999,1.01311,0.611738,0.409963,0.01894,0.020094,0.005583,2.19722,2.60891,2.738569,0.555555,0.52789,0.525635,1.111109,1.942399,1.59184,25.2425,51.460399,78.902801
126.95165,-11.43975,18,24.9,59.8,15.4,-57.87,-26,-25.18,-25.78,-26.17,-26.38,-26.78,-27.46,-27.45,-27.14,-27.33,-27.59,-27.67,-27.59,-27.48,-27.67,-28.01,-28.31,-28.34,-28.32,-28.41,-28.44,-28.4,-28.5,-28.7,-28.85,-28.83,-28.96,-27.251228,0.032527,6.138484,43.696271,33.2443,-58.193684,71.30279,0.553259,3.835631,-0.952705,0.023076,0.979999542,1.00287675,254699.82,1.00199996,1.00139999,1.00084999,0.425556,0.634398,0.751224,71.636901,144.494995,217.496002,-2.148089,-0.927151,-0.624837,1.259999,1.59,2.21,2.3731,1.81744,1.473299,0.190501,0.118417,0.082628,1.88916,2.51159,2.8745,0.533333,0.505537,0.50481,1.111109,1.5296,1.95752,34.509101,69.282402,101.372001
126.9683,-11.43895,22,47.5,44.8,7.7,-58.33,-26.89,-23.65,-24.55,-25.76,-26.64,-27.52,-28.08,-27.91,-27.63,-27.66,-27.56,-27.39,-27.24,-27.06,-27.13,-27.28,-27.19,-27.24,-27.26,-27.36,-27.56,-27.5,-27.53,-27.82,-27.8,-27.65,-27.74,-26.829844,0.011806,6.263505,42.514538,36.32,-58.497656,70.24597,1.757115,3.52186,-0.131707,0.043319,1,1.003195,254815.6761,1.00041,1.00598999,1.01199996,0.011108,0.309596,0.888976,70.840698,142.615997,212.902999,-0.55899,-0.312166,0.450616,0.68,5.289999,10.569999,1.35578,3.325839,5.42248,0.045742,0.263808,0.408596,2.19722,2.76792,3.230799,0.417647,0.423765,0.393119,0.987653,2.24,2.453979,35.118801,71.248703,106.013999
127.42725,-12.06855,14,12.1,80.4,7.6,-66.49,-25.47,-22.93,-23.38,-24.5,-25.46,-26.01,-26.36,-26.36,-26.12,-26.15,-26.36,-26.45,-26.49,-26.43,-26.47,-26.72,-27.05,-27.14,-27.01,-26.99,-27.15,-27.08,-27.11,-27.32,-27.33,-27.25,-27.35,-26.54,0.017657,5.085212,48.397781,13.50651,-66.695,19.87005,-1.135015,15.2916,-0.025267,-0.060513,1.879997253,1.03781925,192406.1495,1.03962997,1.02676002,1.01768997,-0.418884,-0.802794,-1.03163,20.375299,41.6095,63.108299,0.262107,0.266371,0.361142,7.36,9.220009,10.27,15.449199,12.631899,10.373299,-0.381969,-0.187964,-0.099463,2.04319,2.84431,3.28186,0.306194,0.42623,0.42221,8.395059,3.92,3.5202,17.9277,34.7472,51.5055
127.4436,-12.0751,39,24.8,59.2,16,-64.08,-27.21,-22.4,-23.36,-24.5,-25.12,-25.55,-26,-25.92,-25.61,-25.79,-26.05,-26.01,-25.81,-25.59,-25.8,-26.1,-26.22,-26.23,-26.28,-26.42,-26.52,-26.45,-26.47,-26.69,-26.82,-26.76,-27,-25.9575,0.022219,5.217701,44.749621,13.59547,-65.759,21.03294,-0.679441,11.13488,-0.019992,-0.019237,1.629997253,1.019421,192178.5341,1.02216003,1.03208999,1.02822998,0.11444,-0.240803,-0.574492,23.1245,47.168998,71.643898,-0.325455,-0.102462,-0.01244,4.579999,10.52,14.949999,11.906,13.4692,13.1883,-0.031489,-0.297562,-0.282875,1.88916,2.469729,2.591629,0.41111,0.519999,0.593877,0.839505,1.110399,1.18867,10.628199,21.779899,33.3073
